file_name,text
tomato/tomato_mosaic_virus_mild/cd8dc897-42ed-494e-8079-53d625d925e0___PSU_CG 2311.JPG,a photo of mosaic leaf
tomato/tomato_mosaic_virus_mild/57b10f20-7819-40b1-924c-b484c42c515f___PSU_CG 2356.JPG,a photo of mosaic leaf
tomato/tomato_mosaic_virus_mild/3cb6ee9b-8550-4216-bde5-814807add4e5___PSU_CG 2395.JPG,a photo of mosaic leaf
tomato/tomato_mosaic_virus_mild/763335af-2beb-4331-b2e5-3f61a4b0b914___PSU_CG 2365.JPG,a photo of mosaic leaf
tomato/tomato_mosaic_virus_mild/6374877d-fcc6-4a2a-97de-e4d0c157ffae___PSU_CG 2068.JPG,a photo of mosaic leaf
tomato/tomato_mosaic_virus_mild/5c049070-cf7f-4508-8e61-c5efb64bca3c___PSU_CG 2326.JPG,a photo of mosaic leaf
tomato/tomato_mosaic_virus_mild/7569fab7-ac19-4ac4-a01b-b77a4abb0c29___PSU_CG 2350.JPG,a photo of mosaic leaf
tomato/tomato_mosaic_virus_mild/b637932e-ac61-448a-b0d6-cabd8b444d27___PSU_CG 2407.JPG,a photo of mosaic leaf
tomato/tomato_mosaic_virus_mild/38748c94-80b0-4a2b-b330-61d2619f5913___PSU_CG 2081.JPG,a photo of mosaic leaf
tomato/tomato_mosaic_virus_mild/b71a5d29-e7db-4be7-b919-e41a035c3928___PSU_CG 2212.JPG,a photo of mosaic leaf
tomato/tomato_mosaic_virus_mild/021accd9-bbb2-4777-8f94-93295e6de49e___PSU_CG 2075.JPG,a photo of mosaic leaf
tomato/tomato_mosaic_virus_mild/0e56889c-7e80-49f3-8da3-3a437244e8fd___PSU_CG 2140.JPG,a photo of mosaic leaf
tomato/tomato_mosaic_virus_mild/bd533964-8188-49ba-92e8-334cdc4ecb70___PSU_CG 2369.JPG,a photo of mosaic leaf
tomato/tomato_mosaic_virus_mild/6881c9a5-04b2-41c3-b29f-1ca04bd73967___PSU_CG 2390.JPG,a photo of mosaic leaf
tomato/tomato_mosaic_virus_mild/69d3740b-5aba-47e2-ae2f-46541333c3a5___PSU_CG 2420.JPG,a photo of mosaic leaf
tomato/tomato_mosaic_virus_mild/0bf3eb4c-e2cd-4e72-8834-4fc045bd67ae___PSU_CG 2414.JPG,a photo of mosaic leaf
tomato/tomato_mosaic_virus_mild/e03cb55d-6525-4186-a318-5c06c0691642___PSU_CG 2353.JPG,a photo of mosaic leaf
tomato/tomato_mosaic_virus_mild/59fd6a1e-ee07-415b-a588-50f110301021___PSU_CG 2088.JPG,a photo of mosaic leaf
tomato/tomato_mosaic_virus_mild/54355f0e-7332-4990-b96e-fbff2637f5b7___PSU_CG 2245.JPG,a photo of mosaic leaf
tomato/tomato_mosaic_virus_mild/3890da39-cc56-47ae-bc49-547565b69dc0___PSU_CG 2248.JPG,a photo of mosaic leaf
tomato/tomato_target_spot_mild/1ae385d6-0c21-402d-b291-d3b7c0ed57c5___Com.G_TgS_FL 8131.JPG,a photo of target leaf
tomato/tomato_target_spot_mild/f2bd96d9-8610-42aa-9630-a4998bac7f42___Com.G_TgS_FL 0931.JPG,a photo of target leaf
tomato/tomato_target_spot_mild/c5a754c4-01d8-4b53-bf8d-d71ffebb6dba___Com.G_TgS_FL 0959.JPG,a photo of target leaf
tomato/tomato_target_spot_mild/abf4ab5c-808d-48a7-a372-018b3ccc2351___Com.G_TgS_FL 0760.JPG,a photo of target leaf
tomato/tomato_target_spot_mild/1c449341-6c92-4eeb-b83a-536d23ebbe96___Com.G_TgS_FL 8011.JPG,a photo of target leaf
tomato/tomato_target_spot_mild/fcc525e6-8f18-4b9f-bc77-e5c26cebf974___Com.G_TgS_FL 7925.JPG,a photo of target leaf
tomato/tomato_target_spot_mild/93fad1d9-90a1-4536-be9f-f197d85c51ef___Com.G_TgS_FL 8223.JPG,a photo of target leaf
tomato/tomato_target_spot_mild/1d4b2b39-04ca-4921-b824-52c7062f4efb___Com.G_TgS_FL 9810.JPG,a photo of target leaf
tomato/tomato_target_spot_mild/8fe77ca8-8f18-482f-8c30-745efe6ae1c9___Com.G_TgS_FL 8107.JPG,a photo of target leaf
tomato/tomato_target_spot_mild/e692c692-d14a-433c-8505-9a6119f843bc___Com.G_TgS_FL 9889.JPG,a photo of target leaf
tomato/tomato_target_spot_mild/f02e6633-416e-4eb1-bfaa-26b4ede06758___Com.G_TgS_FL 1085.JPG,a photo of target leaf
tomato/tomato_target_spot_mild/eccec242-1036-436b-86f2-b3f8e4143615___Com.G_TgS_FL 7976.JPG,a photo of target leaf
tomato/tomato_target_spot_mild/39ce44af-475d-45ec-be37-30ec021ba930___Com.G_TgS_FL 7967.JPG,a photo of target leaf
tomato/tomato_target_spot_mild/0118ed61-b135-45be-ad81-7e2d54203be4___Com.G_TgS_FL 8241.JPG,a photo of target leaf
tomato/tomato_target_spot_mild/57a771b8-27b3-4473-97bb-cba353ba52a4___Com.G_TgS_FL 1100.JPG,a photo of target leaf
tomato/tomato_target_spot_mild/cb925489-1889-46fa-bcd6-788cecf55a90___Com.G_TgS_FL 9956.JPG,a photo of target leaf
tomato/tomato_target_spot_mild/cd367cf2-183d-47d1-a3fb-aae802a92d9e___Com.G_TgS_FL 8410.JPG,a photo of target leaf
tomato/tomato_target_spot_mild/48b4b244-cf9e-4fc2-a873-66dc712b8ea5___Com.G_TgS_FL 8344.JPG,a photo of target leaf
tomato/tomato_target_spot_mild/bc240d07-16a7-4a69-9e19-18c6ac019061___Com.G_TgS_FL 9920.JPG,a photo of target leaf
tomato/tomato_target_spot_mild/047144a4-3164-41d5-a4cd-6fba8b4bfdd5___Com.G_TgS_FL 0024.JPG,a photo of target leaf
tomato/tomato_yellow_leaf_curl_virus_mild/8532dd5f-896a-4b03-9ac6-f7887bf093dc___YLCV_NREC 2245.JPG,a photo of yellow leaf
tomato/tomato_yellow_leaf_curl_virus_mild/7eb98443-e16b-4c6e-8e47-344f92ece1d6___YLCV_NREC 2297.JPG,a photo of yellow leaf
tomato/tomato_yellow_leaf_curl_virus_mild/612c246b-6f3b-4b5d-a13b-a8c028d86873___YLCV_NREC 2836.JPG,a photo of yellow leaf
tomato/tomato_yellow_leaf_curl_virus_mild/ce0e794d-dc63-416a-91d6-7f242359829c___YLCV_GCREC 2787.JPG,a photo of yellow leaf
tomato/tomato_yellow_leaf_curl_virus_mild/737abe47-68a7-4f2c-ada0-1cf91949c17b___YLCV_NREC 2633.JPG,a photo of yellow leaf
tomato/tomato_yellow_leaf_curl_virus_mild/cf757a0e-162f-42b5-81be-5845916cf6f7___YLCV_GCREC 5266.JPG,a photo of yellow leaf
tomato/tomato_yellow_leaf_curl_virus_mild/fb320fbb-21e2-4ecb-821b-34d6f188eed4___YLCV_NREC 0148.JPG,a photo of yellow leaf
tomato/tomato_yellow_leaf_curl_virus_mild/1e3d3162-4650-4e88-8f42-b76360c44f9d___YLCV_NREC 2190.JPG,a photo of yellow leaf
tomato/tomato_yellow_leaf_curl_virus_mild/278114fd-a6b8-4c88-ba45-4346148a6654___UF.GRC_YLCV_Lab 01745.JPG,a photo of yellow leaf
tomato/tomato_yellow_leaf_curl_virus_mild/c7e59e8b-80a7-44db-b8ff-626ffaf9edd4___YLCV_GCREC 2875.JPG,a photo of yellow leaf
tomato/tomato_yellow_leaf_curl_virus_mild/8d92b50f-31a2-43dc-b32b-04b3e6d9103a___YLCV_GCREC 5119.JPG,a photo of yellow leaf
tomato/tomato_yellow_leaf_curl_virus_mild/00e8f0db-abfd-4991-b51f-b87ab7e24612___YLCV_GCREC 2519.JPG,a photo of yellow leaf
tomato/tomato_yellow_leaf_curl_virus_mild/94630bcb-aa75-4621-b203-a8519b86b134___YLCV_NREC 2154.JPG,a photo of yellow leaf
tomato/tomato_yellow_leaf_curl_virus_mild/dec94ce6-e4ce-4b07-a996-3fca2d87224c___YLCV_NREC 2038.JPG,a photo of yellow leaf
tomato/tomato_yellow_leaf_curl_virus_mild/d174ab74-a864-4d2a-8210-3169eedf68b6___YLCV_GCREC 5186.JPG,a photo of yellow leaf
tomato/tomato_yellow_leaf_curl_virus_mild/6e33481e-7f04-40c1-8fc1-96304e85ff50___YLCV_GCREC 2187.JPG,a photo of yellow leaf
tomato/tomato_yellow_leaf_curl_virus_mild/403d44e4-8670-43a4-8d77-cebc53d1a08d___YLCV_NREC 2468.JPG,a photo of yellow leaf
tomato/tomato_yellow_leaf_curl_virus_mild/f9e40682-a18b-4be0-a6d8-6beaf81cdefb___YLCV_NREC 2073.JPG,a photo of yellow leaf
tomato/tomato_yellow_leaf_curl_virus_mild/7aebaae8-ddd3-42ad-930a-0366245ffa04___YLCV_GCREC 5507.JPG,a photo of yellow leaf
tomato/tomato_yellow_leaf_curl_virus_mild/24473f5a-6be1-41d6-a3b6-ab4ffd4423cd___YLCV_NREC 2076.JPG,a photo of yellow leaf
tomato/tomato_early_blight_mild/3d7f5e7a-3149-4bce-8fc3-f0df073d5a73___RS_Erly.B 7518.JPG,a photo of early leaf
tomato/tomato_early_blight_mild/24f5a397-b5ac-451c-b979-28ee2bb056e6___RS_Erly.B 7795.JPG,a photo of early leaf
tomato/tomato_early_blight_mild/493f53cc-b8d5-4c71-9446-30f0365f1e4b___RS_Erly.B 7583.JPG,a photo of early leaf
tomato/tomato_early_blight_mild/f79134d0-8c6a-43ad-ba78-9323f9a9f84f___RS_Erly.B 9427.JPG,a photo of early leaf
tomato/tomato_early_blight_mild/16c7ab4c-6940-41e9-854f-d1a9a99325ce___RS_Erly.B 8216.JPG,a photo of early leaf
tomato/tomato_early_blight_mild/4eccde8f-4b47-4e5e-b0aa-9eaa67b20126___RS_Erly.B 8417.JPG,a photo of early leaf
tomato/tomato_early_blight_mild/1c29bc72-967e-46df-844b-467c95b298a3___RS_Erly.B 9549.JPG,a photo of early leaf
tomato/tomato_early_blight_mild/54a33a0e-3bf6-44de-ba94-8b5096f1cb6e___RS_Erly.B 7668.JPG,a photo of early leaf
tomato/tomato_early_blight_mild/f7065117-14b1-44f1-b9ec-953b61fd3368___RS_Erly.B 9544.JPG,a photo of early leaf
tomato/tomato_early_blight_mild/bad3a868-aed5-408f-b0a8-f018994ce28b___RS_Erly.B 7789.JPG,a photo of early leaf
tomato/tomato_early_blight_mild/0e39c18a-9e04-4f6b-b557-dc0e944d22e5___RS_Erly.B 9501.JPG,a photo of early leaf
tomato/tomato_early_blight_mild/345b59b4-87fd-43a2-9783-fed3e492c4d7___RS_Erly.B 7402.JPG,a photo of early leaf
tomato/tomato_early_blight_mild/90b9c783-480b-4f9b-a97a-d632f60a8f24___RS_Erly.B 9566.JPG,a photo of early leaf
tomato/tomato_early_blight_mild/7bab9b53-f608-4f3f-8325-d730d846b3d9___RS_Erly.B 7695.JPG,a photo of early leaf
tomato/tomato_early_blight_mild/3c5b8470-8596-44bf-baa3-164a03e1c818___RS_Erly.B 9611.JPG,a photo of early leaf
tomato/tomato_early_blight_mild/00c5c908-fc25-4710-a109-db143da23112___RS_Erly.B 7778.JPG,a photo of early leaf
tomato/tomato_early_blight_mild/8a13da5b-4bc2-485a-962d-df8c6634ea00___RS_Erly.B 7519.JPG,a photo of early leaf
tomato/tomato_early_blight_mild/6f8ac19d-d97f-47ee-8ad4-bb53ab7984a0___RS_Erly.B 7786.JPG,a photo of early leaf
tomato/tomato_early_blight_mild/77b824b4-8d93-44cf-8e8d-b6433fea90b7___RS_Erly.B 6459.JPG,a photo of early leaf
tomato/tomato_early_blight_mild/bac5677d-59b4-4183-839f-24860287ed6a___RS_Erly.B 9503.JPG,a photo of early leaf
tomato/tomato_late_blight_mild/98288f42-3067-4117-9e1d-d4a6b88f16eb___RS_Late.B 5545.JPG,a photo of late leaf
tomato/tomato_late_blight_mild/de4f6bd2-15df-45c2-aa3e-da9c42586e67___RS_Late.B 5100.JPG,a photo of late leaf
tomato/tomato_late_blight_mild/9029b453-c7c1-4c80-9033-72b650866290___GHLB2 Leaf 160.1.JPG,a photo of late leaf
tomato/tomato_late_blight_mild/3db1a347-001b-4170-8f64-4fa097f83bc7___GHLB_PS Leaf 1.2 Day 8.jpg,a photo of late leaf
tomato/tomato_late_blight_mild/943a9a43-f61d-44f5-88c0-455d5d6c4746___GHLB Leaf 14 Day 7.JPG,a photo of late leaf
tomato/tomato_late_blight_mild/74fd0cc8-43c7-4659-94ef-b4c55919f677___RS_Late.B 6052.JPG,a photo of late leaf
tomato/tomato_late_blight_mild/7ec8c270-72a5-4c84-bfdb-400735f5b35c___GHLB_PS Leaf 46 Day 18.jpg,a photo of late leaf
tomato/tomato_late_blight_mild/566f6d0f-e441-49a3-a7a1-a3210682b6e7___GHLB2 Leaf 8591.JPG,a photo of late leaf
tomato/tomato_late_blight_mild/ecb763a0-f905-48f2-a142-afa120068c82___GHLB2ES Leaf 119.2.JPG,a photo of late leaf
tomato/tomato_late_blight_mild/e1836b6b-a14d-402a-ac9f-db7d12feeec9___RS_Late.B 4924.JPG,a photo of late leaf
tomato/tomato_late_blight_mild/77793164-1671-42f7-83a2-f13074ec4892___GHLB Leaf 2 Day 6.JPG,a photo of late leaf
tomato/tomato_late_blight_mild/5b95aab7-c5be-42e3-afc8-c99f7c1c2c0c___GHLB2 Leaf 8658.JPG,a photo of late leaf
tomato/tomato_late_blight_mild/d3cc7383-40d6-490c-9cd7-a089f462ff54___RS_Late.B 5208.JPG,a photo of late leaf
tomato/tomato_late_blight_mild/c9f19d2a-8c9d-4ac1-b077-545c5d6f53a9___GHLB_PS Leaf 53 Day 18 .jpg,a photo of late leaf
tomato/tomato_late_blight_mild/3e01dcb7-e660-4403-861a-59a44d572565___GHLB Leaf 2 Day 7.JPG,a photo of late leaf
tomato/tomato_late_blight_mild/ac205c4a-58c5-430f-8b4c-f853652df749___GHLB_PS Leaf 30 Day 13.jpg,a photo of late leaf
tomato/tomato_late_blight_mild/c1f3a153-7738-4cdc-a8a2-003e7221001a___GHLB2 Leaf 9013.JPG,a photo of late leaf
tomato/tomato_late_blight_mild/6e93da35-363f-42f4-af65-e6eeb1217058___GHLB2 Leaf 8780.JPG,a photo of late leaf
tomato/tomato_late_blight_mild/01ebf21e-ef94-4c92-b007-0b26741c2fc8___GHLB2 Leaf 9075.JPG,a photo of late leaf
tomato/tomato_late_blight_mild/dcf0db57-e7d2-487f-b9df-2ec299e0ee48___GHLB_PS Leaf 17.1 Day 8.jpg,a photo of late leaf
tomato/tomato_spider_mites_mild/a74561dc-37d9-407f-bb58-596344859fa3___Com.G_SpM_FL 8517.JPG,a photo of mite leaf
tomato/tomato_spider_mites_mild/0c142adf-5d26-4593-a7b3-d16a07f1df33___Com.G_SpM_FL 8768.JPG,a photo of mite leaf
tomato/tomato_spider_mites_mild/3753178e-eee8-405a-93b3-8f34728d7210___Com.G_SpM_FL 9410.JPG,a photo of mite leaf
tomato/tomato_spider_mites_mild/e90ba377-d69d-47ef-808c-c6ba488da79f___Com.G_SpM_FL 8958.JPG,a photo of mite leaf
tomato/tomato_spider_mites_mild/fe1c35cf-8f9d-4986-b8b3-6d116bc8b388___Com.G_SpM_FL 8633.JPG,a photo of mite leaf
tomato/tomato_spider_mites_mild/a14df6fa-024d-46d4-83ef-52d4d76c8f8c___Com.G_SpM_FL 8685.JPG,a photo of mite leaf
tomato/tomato_spider_mites_mild/943b6e80-60ff-4c44-b8a4-c5591da9b8e9___Com.G_SpM_FL 9636.JPG,a photo of mite leaf
tomato/tomato_spider_mites_mild/d3f51ca5-c33c-4264-bc58-37068c1b3c37___Com.G_SpM_FL 8538.JPG,a photo of mite leaf
tomato/tomato_spider_mites_mild/3237c6fb-59b2-404a-8cbc-81f5e61304d0___Com.G_SpM_FL 8611.JPG,a photo of mite leaf
tomato/tomato_spider_mites_mild/a8a96fef-22c8-45d9-971a-8211b91e72de___Com.G_SpM_FL 8520.JPG,a photo of mite leaf
tomato/tomato_spider_mites_mild/0af13d73-170d-4b37-bddf-51a14e597905___Com.G_SpM_FL 1438.JPG,a photo of mite leaf
tomato/tomato_spider_mites_mild/c3039d71-70b2-4dc7-85ae-0df9ba29b895___Com.G_SpM_FL 9582.JPG,a photo of mite leaf
tomato/tomato_spider_mites_mild/27616b26-feaf-41dd-8e23-b0c493c7a2fa___Com.G_SpM_FL 8748.JPG,a photo of mite leaf
tomato/tomato_spider_mites_mild/c74d0a3b-24f8-41a1-9235-3841f19dc358___Com.G_SpM_FL 9505.JPG,a photo of mite leaf
tomato/tomato_spider_mites_mild/9ece45c2-51c5-422d-848d-faad730c7369___Com.G_SpM_FL 8684.JPG,a photo of mite leaf
tomato/tomato_spider_mites_mild/a36909f2-39bf-4ec8-b7bd-920cd3167042___Com.G_SpM_FL 9373.JPG,a photo of mite leaf
tomato/tomato_spider_mites_mild/ff9a52b5-b200-4f23-9e0d-629b1a0e89db___Com.G_SpM_FL 8634.JPG,a photo of mite leaf
tomato/tomato_spider_mites_mild/1b50c39d-8e8c-4d76-be2d-9d2c43cf09a6___Com.G_SpM_FL 8793.JPG,a photo of mite leaf
tomato/tomato_spider_mites_mild/f7676e6d-a9f2-4c4e-b15c-305f9f16aaa1___Com.G_SpM_FL 9415.JPG,a photo of mite leaf
tomato/tomato_spider_mites_mild/cf840e2d-8847-44e4-9589-540aefa69895___Com.G_SpM_FL 8544.JPG,a photo of mite leaf
tomato/tomato_leaf_mold_mild/cb956960-ad6c-4a87-bee1-dacfc8acb7d8___Crnl_L.Mold 8945.JPG,a photo of mold leaf
tomato/tomato_leaf_mold_mild/937f14d9-4aae-47a3-9f27-b6f13a1ee14b___Crnl_L.Mold 8691.JPG,a photo of mold leaf
tomato/tomato_leaf_mold_mild/8da3d37b-f88f-43a6-a1d2-da605a3faeb0___Crnl_L.Mold 7181.JPG,a photo of mold leaf
tomato/tomato_leaf_mold_mild/0ced0bae-d224-43f5-8fd7-072c7cbd8f77___Crnl_L.Mold 9161.JPG,a photo of mold leaf
tomato/tomato_leaf_mold_mild/eab7f198-a04b-4e25-b329-41e7666d1fde___Crnl_L.Mold 6773.JPG,a photo of mold leaf
tomato/tomato_leaf_mold_mild/450b736f-8e2d-46e0-be60-6481f37d8612___Crnl_L.Mold 6882.JPG,a photo of mold leaf
tomato/tomato_leaf_mold_mild/98a11218-40d3-4c27-afda-abf73e371f01___Crnl_L.Mold 9055.JPG,a photo of mold leaf
tomato/tomato_leaf_mold_mild/4ff6a1de-00e2-401b-b6c2-e523289a9228___Crnl_L.Mold 6715.JPG,a photo of mold leaf
tomato/tomato_leaf_mold_mild/ea06d6ff-8848-40a9-8372-fcb229337bd4___Crnl_L.Mold 9092.JPG,a photo of mold leaf
tomato/tomato_leaf_mold_mild/cbcf61e4-9a69-4483-9252-ae649102fb63___Crnl_L.Mold 6858.JPG,a photo of mold leaf
tomato/tomato_leaf_mold_mild/dbd8242c-1c4c-4d6a-97ba-6cb26fffec49___Crnl_L.Mold 7145.JPG,a photo of mold leaf
tomato/tomato_leaf_mold_mild/db35e8bc-5879-436e-82a1-e1e0e0f9b19c___Crnl_L.Mold 7044.JPG,a photo of mold leaf
tomato/tomato_leaf_mold_mild/0e508a3f-af06-4c8a-be78-5c38d2d4fb68___Crnl_L.Mold 6775.JPG,a photo of mold leaf
tomato/tomato_leaf_mold_mild/dde4e8af-a08a-48e7-969d-0b6c66912431___Crnl_L.Mold 8963.JPG,a photo of mold leaf
tomato/tomato_leaf_mold_mild/460faa12-8c7a-458b-a6a1-90c71cc73fad___Crnl_L.Mold 9102.JPG,a photo of mold leaf
tomato/tomato_leaf_mold_mild/1bfe7244-44ab-4fac-abe5-f229217cdf0b___Crnl_L.Mold 6815.JPG,a photo of mold leaf
tomato/tomato_leaf_mold_mild/6ae9566d-3180-429e-a8a1-08c201048d0f___Crnl_L.Mold 6605.JPG,a photo of mold leaf
tomato/tomato_leaf_mold_mild/e7ebe82b-5573-47ff-acb8-f208462d0335___Crnl_L.Mold 7123.JPG,a photo of mold leaf
tomato/tomato_leaf_mold_mild/4163864b-4d3b-4b6e-8174-e26b4dfc0a86___Crnl_L.Mold 8943.JPG,a photo of mold leaf
tomato/tomato_leaf_mold_mild/82567342-f689-4e61-ac38-b25db55bb684___Crnl_L.Mold 7128.JPG,a photo of mold leaf
tomato/tomato_septoria_leaf_spot_mild/988d5328-da67-4872-9db0-baff075a432f___JR_Sept.L.S 2586.JPG,a photo of spot leaf
tomato/tomato_septoria_leaf_spot_mild/c091e80e-2855-4736-8289-6d9c5fc142d0___JR_Sept.L.S 8555.JPG,a photo of spot leaf
tomato/tomato_septoria_leaf_spot_mild/5b70236c-4228-4c9a-b1c5-783225d6b3bb___JR_Sept.L.S 2519.JPG,a photo of spot leaf
tomato/tomato_septoria_leaf_spot_mild/63ff8ff8-0b4e-4587-8dd0-6961c34b370a___JR_Sept.L.S 2686.JPG,a photo of spot leaf
tomato/tomato_septoria_leaf_spot_mild/d5e0bb6d-149c-4750-b7ed-8d92cd419720___Matt.S_CG 7688.JPG,a photo of spot leaf
tomato/tomato_septoria_leaf_spot_mild/ca44932f-3eb4-4a00-8cdd-33a9f715b171___JR_Sept.L.S 2710.JPG,a photo of spot leaf
tomato/tomato_septoria_leaf_spot_mild/49680a31-cb91-4694-9609-4aad7079dd77___Matt.S_CG 6155.JPG,a photo of spot leaf
tomato/tomato_septoria_leaf_spot_mild/f7f15148-b2f9-4b26-b94c-745e0325f872___Matt.S_CG 6244.JPG,a photo of spot leaf
tomato/tomato_septoria_leaf_spot_mild/ebb708c9-2548-4912-a26a-3248d6ed6f3a___Matt.S_CG 6208.JPG,a photo of spot leaf
tomato/tomato_septoria_leaf_spot_mild/7c92fec0-46dd-4130-bf41-b054e974edff___Keller.St_CG 2007.JPG,a photo of spot leaf
tomato/tomato_septoria_leaf_spot_mild/e3d02dab-319f-45fe-97ec-5b41a060c041___Matt.S_CG 1290.JPG,a photo of spot leaf
tomato/tomato_septoria_leaf_spot_mild/8c8912bd-b691-492e-9a41-3df02195e544___Matt.S_CG 2583.JPG,a photo of spot leaf
tomato/tomato_septoria_leaf_spot_mild/a0a1df7a-5ffe-42b6-a055-fb19f91add93___Matt.S_CG 7716.JPG,a photo of spot leaf
tomato/tomato_septoria_leaf_spot_mild/1ab6abd3-f48e-4176-9871-84e611f5b53f___Matt.S_CG 1363.JPG,a photo of spot leaf
tomato/tomato_septoria_leaf_spot_mild/aa2e8d77-1574-4c3a-9db6-b2982cec9006___JR_Sept.L.S 8438.JPG,a photo of spot leaf
tomato/tomato_septoria_leaf_spot_mild/56091676-e2c1-43e7-aeb2-7621b0ce5d8f___Matt.S_CG 6840.JPG,a photo of spot leaf
tomato/tomato_septoria_leaf_spot_mild/2567c820-aa63-490c-8e47-921b85164728___Matt.S_CG 7447.JPG,a photo of spot leaf
tomato/tomato_septoria_leaf_spot_mild/f4360fdc-ebcc-4ecd-8873-4fe37484e2dd___Matt.S_CG 0825.JPG,a photo of spot leaf
tomato/tomato_septoria_leaf_spot_mild/a8573a9e-d9de-4a2b-835a-bd1390c1d6d9___Matt.S_CG 7463.JPG,a photo of spot leaf
tomato/tomato_septoria_leaf_spot_mild/11971add-1e25-4f5c-8a7e-2fa5ae46cfc6___Matt.S_CG 0740.JPG,a photo of spot leaf
tomato/tomato_bacterial_spot_mild/4ad4db1b-dbd8-449a-b2a8-4ec4a89b2ba3___GCREC_Bact.Sp 3332.JPG,a photo of bacterial leaf
tomato/tomato_bacterial_spot_mild/945f1d4c-7a9f-48e0-98a5-da3e2976077a___GCREC_Bact.Sp 3368.JPG,a photo of bacterial leaf
tomato/tomato_bacterial_spot_mild/31549f17-8b3c-4a16-9775-d3c50db39fb8___GCREC_Bact.Sp 5968.JPG,a photo of bacterial leaf
tomato/tomato_bacterial_spot_mild/35411663-291f-4dbd-a89f-7d9c8eb01d56___GCREC_Bact.Sp 3158.JPG,a photo of bacterial leaf
tomato/tomato_bacterial_spot_mild/486eeb98-44bd-405b-9756-5e2e4fd95b90___GCREC_Bact.Sp 3451.JPG,a photo of bacterial leaf
tomato/tomato_bacterial_spot_mild/86561a43-33f2-4e52-bd0f-a6ed767feef6___GCREC_Bact.Sp 6255.JPG,a photo of bacterial leaf
tomato/tomato_bacterial_spot_mild/a996d784-9bee-4715-b1ff-73e9df5b8666___GCREC_Bact.Sp 3257.JPG,a photo of bacterial leaf
tomato/tomato_bacterial_spot_mild/7cf98788-6726-455c-9b6b-0163e80d4c0d___GCREC_Bact.Sp 3733.JPG,a photo of bacterial leaf
tomato/tomato_bacterial_spot_mild/33028adc-9dc2-4ac3-a7b9-7094200264f6___GCREC_Bact.Sp 3162.JPG,a photo of bacterial leaf
tomato/tomato_bacterial_spot_mild/d603ca14-5a43-4931-b046-a424eb4c0b96___GCREC_Bact.Sp 6240.JPG,a photo of bacterial leaf
tomato/tomato_bacterial_spot_mild/5923581b-ce89-4844-bd6a-8e4826b8b059___GCREC_Bact.Sp 3234.JPG,a photo of bacterial leaf
tomato/tomato_bacterial_spot_mild/6ec9c8ed-75be-4328-852c-571753d458c1___GCREC_Bact.Sp 6183.JPG,a photo of bacterial leaf
tomato/tomato_bacterial_spot_mild/01d9fc8d-5083-468d-a583-885f33517cdd___GCREC_Bact.Sp 3422.JPG,a photo of bacterial leaf
tomato/tomato_bacterial_spot_mild/7791a7b8-52b2-42fa-8aee-71fcae8d9ee4___GCREC_Bact.Sp 6374.JPG,a photo of bacterial leaf
tomato/tomato_bacterial_spot_mild/c3ac7b7a-a626-4004-ae2b-58720f38f027___GCREC_Bact.Sp 6299.JPG,a photo of bacterial leaf
tomato/tomato_bacterial_spot_mild/8dbf81aa-7085-4707-9374-9be792a0fd4a___GCREC_Bact.Sp 3275.JPG,a photo of bacterial leaf
tomato/tomato_bacterial_spot_mild/66ba68aa-9004-44d8-91f9-e3bd1de3a183___GCREC_Bact.Sp 5548.JPG,a photo of bacterial leaf
tomato/tomato_bacterial_spot_mild/2b77473d-c669-4e5e-bf26-c1d32c800001___GCREC_Bact.Sp 3005.JPG,a photo of bacterial leaf
tomato/tomato_bacterial_spot_mild/1ff93f22-ad6e-4c74-a677-90e88d1b93df___GCREC_Bact.Sp 3532.JPG,a photo of bacterial leaf
tomato/tomato_bacterial_spot_mild/305e943b-26f0-470a-83e1-3c2c05bac687___GCREC_Bact.Sp 5887.JPG,a photo of bacterial leaf
tomato/tomato_healthy/fc22b565-e97b-454d-8792-fd945d1badc5___RS_HL 9880.JPG,a photo of healthy leaf
tomato/tomato_healthy/2b21cbfc-9c23-42fb-984c-9439fa891a4c___RS_HL 9637.JPG,a photo of healthy leaf
tomato/tomato_healthy/bef34d1a-3d57-4b46-a4ac-70702a4ca5db___RS_HL 9799.JPG,a photo of healthy leaf
tomato/tomato_healthy/4a077dcb-30be-4f8d-9dc9-00f3874b1676___GH_HL Leaf 465.JPG,a photo of healthy leaf
tomato/tomato_healthy/d1750517-689b-4372-a717-6b81c0dd64b0___GH_HL Leaf 262.JPG,a photo of healthy leaf
tomato/tomato_healthy/bae543d4-d61d-45e6-aa0c-eaf45af53456___GH_HL Leaf 349.JPG,a photo of healthy leaf
tomato/tomato_healthy/31e58e07-386c-4915-aa37-8ce39ee29ce9___RS_HL 9949.JPG,a photo of healthy leaf
tomato/tomato_healthy/c60749f0-0791-49ad-a144-503d5e968746___RS_HL 0483.JPG,a photo of healthy leaf
tomato/tomato_healthy/68f66822-cde2-4a2c-b58e-a16900362a75___RS_HL 9674.JPG,a photo of healthy leaf
tomato/tomato_healthy/49291f4a-e689-4a59-8f40-60ee9f1aac26___RS_HL 9820.JPG,a photo of healthy leaf
tomato/tomato_healthy/77cd9b9e-9115-46ea-9c85-9744f1793b32___RS_HL 9699.JPG,a photo of healthy leaf
tomato/tomato_healthy/d676d2f7-13a7-4d79-91fc-757b5d0bde6f___RS_HL 0601.JPG,a photo of healthy leaf
tomato/tomato_healthy/62fa284f-8fc8-46b7-a74d-71bada562464___RS_HL 0303.JPG,a photo of healthy leaf
tomato/tomato_healthy/ca15ccb7-1f30-4dd6-aa46-8494a41c3a9d___RS_HL 9757.JPG,a photo of healthy leaf
tomato/tomato_healthy/1352e7ea-9a81-44fb-98e9-25ee6c701753___RS_HL 0549.JPG,a photo of healthy leaf
tomato/tomato_healthy/1ebf9add-aa7f-4a84-adbf-67f700f918bc___GH_HL Leaf 437.JPG,a photo of healthy leaf
tomato/tomato_healthy/0d3691ab-5413-4313-870e-9e5d2faf33ea___RS_HL 9958.JPG,a photo of healthy leaf
tomato/tomato_healthy/0d2bcda8-8dae-408e-8919-21dfa6cc9eea___RS_HL 0335.JPG,a photo of healthy leaf
tomato/tomato_healthy/c1041bea-57c1-401c-90e9-c81510f9e45a___RS_HL 0446.JPG,a photo of healthy leaf
tomato/tomato_healthy/190a6af7-d7b1-4265-b05b-c126a7962c93___GH_HL Leaf 408.JPG,a photo of healthy leaf
